{
  "simclr": {
    "train_loss": [
      5.421760341448661,
      5.215788503793569,
      5.13609623053135,
      5.079073876600999,
      5.041844820364927,
      5.0159220817761545,
      4.997532027806991,
      4.974598803887001,
      4.958891051854843,
      4.943743165334066
    ],
    "epoch_times": [
      77.40343284606934,
      73.71631836891174,
      76.34538173675537,
      74.15161752700806,
      73.96365141868591,
      75.01252722740173,
      80.4316976070404,
      75.28245997428894,
      86.17870306968689,
      77.31314778327942
    ],
    "total_time_min": 12.830163431167602,
    "linear_eval_acc": 65.53999999999999
  },
  "dino": {
    "train_loss": [
      5.291411065261586,
      4.852015440961615,
      4.562455616290377,
      4.350051968717392,
      4.16003045870919,
      3.9921685825084143,
      3.851451729384946,
      3.7491052211781013,
      3.665713364275103,
      3.5939510195264437
    ],
    "center_norms": [
      4.896831512451172,
      5.834959030151367,
      7.19390869140625,
      8.274418830871582,
      9.311037063598633,
      10.428901672363281,
      11.79310131072998,
      13.029021263122559,
      13.84692096710205,
      14.74791145324707
    ],
    "epoch_times": [
      157.83351039886475,
      158.0559597015381,
      157.8981535434723,
      162.92085123062134,
      158.98566198349,
      157.1921889781952,
      161.72577214241028,
      160.60856175422668,
      158.78763508796692,
      159.53394055366516
    ],
    "total_time_min": 26.559429136912026,
    "linear_eval_acc": 50.31
  },
  "mae": {
    "train_loss": [
      0.7743414224722447,
      0.6567995160053938,
      0.6050239796821888,
      0.5772649413500077,
      0.5575534080847716,
      0.546682359622075,
      0.5391852362797811,
      0.5343709838696015,
      0.5314076121036823,
      0.529357585693017
    ],
    "epoch_times": [
      23.06842803955078,
      21.772112131118774,
      22.492267370224,
      23.83737826347351,
      21.729451656341553,
      20.771875619888306,
      19.343505144119263,
      22.958572149276733,
      23.69851851463318,
      23.834864854812622
    ],
    "total_time_min": 3.7252302964528403,
    "linear_eval_acc": 41.37
  },
  "mae_mask_0.25": {
    "train_loss": [
      0.7501572070977627,
      0.5292157083749771,
      0.42334691843925376,
      0.383583783186399,
      0.36966062027674457
    ],
    "epoch_times": [
      79.24881792068481,
      78.03146600723267,
      79.5443856716156,
      87.07439589500427,
      90.11476421356201
    ],
    "total_time_min": 6.9002780993779504,
    "linear_eval_acc": 36.08
  },
  "mae_mask_0.50": {
    "train_loss": [
      0.7519460898179274,
      0.5806782778256979,
      0.49388530689936416,
      0.46015646786261827,
      0.44713254341712366
    ],
    "epoch_times": [
      79.185387134552,
      71.66663479804993,
      71.86268711090088,
      72.17252898216248,
      71.21275496482849
    ],
    "total_time_min": 6.101714169979095,
    "linear_eval_acc": 36.5
  },
  "dino_no_centering": {
    "train_loss": [
      0.626067580662372,
      0.19811729759826932,
      0.024171090363980977,
      0.00021393755867651863,
      6.23311305170576e-05
    ],
    "center_norms": [
      0.0,
      0.0,
      0.0,
      0.0,
      0.0
    ],
    "epoch_times": [
      1047.1720778942108,
      998.6240961551666,
      1004.2800450325012,
      1054.3295528888702,
      1027.636791229248
    ],
    "total_time_min": 85.53939366340637,
    "linear_eval_acc": 28.68
  },
  "dino_no_local": {
    "train_loss": [
      4.980084273940317,
      4.230818862035852,
      3.8285915372313672,
      3.6646037922931236,
      3.5136206247742443,
      3.347761300400796,
      3.1755855440635536,
      3.0292857358763983,
      2.911497155774418,
      2.74970319451199
    ],
    "center_norms": [
      5.430131912231445,
      7.465566635131836,
      8.739248275756836,
      9.378247261047363,
      11.199431419372559,
      12.579733848571777,
      15.026159286499023,
      16.914236068725586,
      19.15751075744629,
      24.810808181762695
    ],
    "epoch_times": [
      406.0467939376831,
      390.3990731239319,
      367.00841999053955,
      362.19159722328186,
      403.6115279197693,
      573.5686688423157,
      600.5162460803986,
      569.5941109657288,
      731.1625120639801,
      694.1121730804443
    ],
    "total_time_min": 84.97093063195547,
    "linear_eval_acc": 46.31
  }
}